channel_group,sessions,total_users,sessions_prev,total_users_prev,sessions_delta,sessions_pct,total_users_delta,total_users_pct
Organic Search,382.0,348.0,459.0,417.0,-77.0,-0.16775599128540306,-69.0,-0.16546762589928057
Direct,79.0,74.0,76.0,66.0,3.0,0.039473684210526314,8.0,0.12121212121212122
Referral,16.0,10.0,13.0,9.0,3.0,0.23076923076923078,1.0,0.1111111111111111
Unassigned,10.0,8.0,10.0,10.0,0.0,0.0,-2.0,-0.2
Organic Social,5.0,4.0,16.0,15.0,-11.0,-0.6875,-11.0,-0.7333333333333333
