channel_group,sessions,total_users,sessions_prev,total_users_prev,sessions_delta,sessions_pct,total_users_delta,total_users_pct
Organic Search,441.0,393.0,320.0,298.0,121.0,0.378125,95.0,0.3187919463087248
Direct,119.0,102.0,140.0,132.0,-21.0,-0.15,-30.0,-0.22727272727272727
Organic Social,91.0,72.0,200.0,181.0,-109.0,-0.545,-109.0,-0.6022099447513812
Referral,18.0,6.0,30.0,9.0,-12.0,-0.4,-3.0,-0.3333333333333333
Unassigned,3.0,3.0,2.0,2.0,1.0,0.5,1.0,0.5
